model,imbalance_strategy,precision,recall,f1,roc_auc,pr_auc,test_rows,fraud_test_rows,threshold,best_cv_pr_auc
XGBoost,smote,1.0,1.0,1.0,1.0,1.0,20000,26,0.5,1.0000000000000002
Random Forest,smote_tomek,1.0,1.0,1.0,1.0,1.0,20000,26,0.5,1.0
XGBoost,smote_tomek,1.0,1.0,1.0,1.0,1.0,20000,26,0.5,1.0
LightGBM,smote_tomek,1.0,1.0,1.0,1.0,1.0,20000,26,0.5,
Random Forest,class_weight,1.0,0.9615384615384616,0.9803921568627451,1.0,1.0,20000,26,0.5,1.0000000000000002
XGBoost,class_weight,1.0,1.0,1.0,1.0,0.9999999999999999,20000,26,0.5,1.0
Random Forest,smote,1.0,1.0,1.0,1.0,0.9999999999999999,20000,26,0.5,1.0
LightGBM,smote,1.0,1.0,1.0,1.0,0.9999999999999999,20000,26,0.5,
LightGBM,class_weight,1.0,0.9615384615384616,0.9803921568627451,1.0,0.9999999999999998,20000,26,0.5,
Logistic Regression,smote,0.13020833333333334,0.9615384615384616,0.22935779816513763,0.9995455630781555,0.8866046678093422,20000,26,0.5,
Logistic Regression,smote_tomek,0.13020833333333334,0.9615384615384616,0.22935779816513763,0.9995455630781555,0.8866046678093422,20000,26,0.5,
Feedforward Neural Network,smote,0.9047619047619048,0.7307692307692307,0.8085106382978723,0.9988176937711333,0.8812409826082986,20000,26,0.5,
Feedforward Neural Network,smote_tomek,0.9047619047619048,0.7307692307692307,0.8085106382978723,0.9988176937711333,0.8812409826082986,20000,26,0.5,
Feedforward Neural Network,class_weight,0.43103448275862066,0.9615384615384616,0.5952380952380952,0.9991103819580839,0.8593381027791804,20000,26,0.5,
Logistic Regression,class_weight,0.11764705882352941,1.0,0.21052631578947367,0.9994704654512404,0.8458842441903925,20000,26,0.5,
